📅 Mon May  5 12:50:46 UTC 2025: Auto Activity Boost
📅 Tue May  6 05:14:35 UTC 2025: Auto Activity Boost
📅 Wed May  7 05:14:26 UTC 2025: Auto Activity Boost
📅 Thu May  8 05:14:35 UTC 2025: Auto Activity Boost
📅 Fri May  9 05:14:09 UTC 2025: Auto Activity Boost
📅 Sat May 10 05:13:02 UTC 2025: Auto Activity Boost
📅 Sun May 11 05:12:59 UTC 2025: Auto Activity Boost
📅 Mon May 12 05:14:38 UTC 2025: Auto Activity Boost
📅 Tue May 13 05:14:05 UTC 2025: Auto Activity Boost
📅 Wed May 14 05:14:15 UTC 2025: Auto Activity Boost
📅 Thu May 15 05:14:45 UTC 2025: Auto Activity Boost
📅 Fri May 16 05:14:43 UTC 2025: Auto Activity Boost
📅 Sat May 17 05:13:09 UTC 2025: Auto Activity Boost
📅 Sun May 18 05:13:34 UTC 2025: Auto Activity Boost
📅 Mon May 19 05:14:24 UTC 2025: Auto Activity Boost
📅 Tue May 20 05:14:21 UTC 2025: Auto Activity Boost
📅 Wed May 21 05:14:25 UTC 2025: Auto Activity Boost
📅 Thu May 22 05:14:38 UTC 2025: Auto Activity Boost
📅 Fri May 23 05:14:15 UTC 2025: Auto Activity Boost
📅 Sat May 24 05:13:20 UTC 2025: Auto Activity Boost
📅 Sun May 25 05:13:05 UTC 2025: Auto Activity Boost
📅 Mon May 26 05:15:07 UTC 2025: Auto Activity Boost
📅 Tue May 27 05:14:18 UTC 2025: Auto Activity Boost
📅 Wed May 28 05:14:26 UTC 2025: Auto Activity Boost
📅 Thu May 29 05:14:45 UTC 2025: Auto Activity Boost
📅 Fri May 30 05:14:23 UTC 2025: Auto Activity Boost
📅 Sat May 31 05:13:26 UTC 2025: Auto Activity Boost
📅 Sun Jun  1 05:14:06 UTC 2025: Auto Activity Boost
📅 Mon Jun  2 05:15:33 UTC 2025: Auto Activity Boost
📅 Tue Jun  3 05:15:06 UTC 2025: Auto Activity Boost
📅 Wed Jun  4 05:14:39 UTC 2025: Auto Activity Boost
📅 Thu Jun  5 05:14:55 UTC 2025: Auto Activity Boost
📅 Fri Jun  6 05:14:35 UTC 2025: Auto Activity Boost
📅 Sat Jun  7 05:13:25 UTC 2025: Auto Activity Boost
📅 Sun Jun  8 05:13:48 UTC 2025: Auto Activity Boost
📅 Mon Jun  9 05:15:46 UTC 2025: Auto Activity Boost
📅 Tue Jun 10 05:14:23 UTC 2025: Auto Activity Boost
📅 Wed Jun 11 05:15:25 UTC 2025: Auto Activity Boost
📅 Thu Jun 12 05:14:24 UTC 2025: Auto Activity Boost
📅 Fri Jun 13 05:13:57 UTC 2025: Auto Activity Boost
📅 Sat Jun 14 05:13:49 UTC 2025: Auto Activity Boost
📅 Sun Jun 15 05:14:03 UTC 2025: Auto Activity Boost
📅 Mon Jun 16 05:16:44 UTC 2025: Auto Activity Boost
📅 Tue Jun 17 05:14:28 UTC 2025: Auto Activity Boost
📅 Wed Jun 18 05:14:47 UTC 2025: Auto Activity Boost
📅 Thu Jun 19 05:14:18 UTC 2025: Auto Activity Boost
📅 Fri Jun 20 05:14:59 UTC 2025: Auto Activity Boost
📅 Sat Jun 21 05:13:24 UTC 2025: Auto Activity Boost
📅 Sun Jun 22 05:14:13 UTC 2025: Auto Activity Boost
📅 Mon Jun 23 05:16:42 UTC 2025: Auto Activity Boost
📅 Tue Jun 24 05:16:34 UTC 2025: Auto Activity Boost
📅 Wed Jun 25 05:16:17 UTC 2025: Auto Activity Boost
📅 Thu Jun 26 05:15:17 UTC 2025: Auto Activity Boost
📅 Fri Jun 27 05:15:25 UTC 2025: Auto Activity Boost
📅 Sat Jun 28 05:14:47 UTC 2025: Auto Activity Boost
📅 Sun Jun 29 05:17:46 UTC 2025: Auto Activity Boost
📅 Mon Jun 30 05:17:03 UTC 2025: Auto Activity Boost
📅 Tue Jul  1 05:18:38 UTC 2025: Auto Activity Boost
📅 Wed Jul  2 05:16:54 UTC 2025: Auto Activity Boost
📅 Thu Jul  3 05:18:28 UTC 2025: Auto Activity Boost
📅 Fri Jul  4 05:16:47 UTC 2025: Auto Activity Boost
📅 Sat Jul  5 05:13:54 UTC 2025: Auto Activity Boost
📅 Sun Jul  6 05:14:32 UTC 2025: Auto Activity Boost
📅 Mon Jul  7 05:17:51 UTC 2025: Auto Activity Boost
📅 Tue Jul  8 05:15:54 UTC 2025: Auto Activity Boost
📅 Wed Jul  9 05:19:25 UTC 2025: Auto Activity Boost
📅 Thu Jul 10 05:17:59 UTC 2025: Auto Activity Boost
📅 Fri Jul 11 05:18:25 UTC 2025: Auto Activity Boost
📅 Sat Jul 12 05:15:15 UTC 2025: Auto Activity Boost
📅 Sun Jul 13 05:16:59 UTC 2025: Auto Activity Boost
📅 Mon Jul 14 05:20:43 UTC 2025: Auto Activity Boost
📅 Tue Jul 15 05:20:11 UTC 2025: Auto Activity Boost
📅 Wed Jul 16 05:20:43 UTC 2025: Auto Activity Boost
📅 Thu Jul 17 05:19:57 UTC 2025: Auto Activity Boost
📅 Fri Jul 18 05:20:56 UTC 2025: Auto Activity Boost
📅 Sat Jul 19 05:17:18 UTC 2025: Auto Activity Boost
📅 Sun Jul 20 05:20:08 UTC 2025: Auto Activity Boost
📅 Mon Jul 21 05:22:37 UTC 2025: Auto Activity Boost
📅 Tue Jul 22 05:20:11 UTC 2025: Auto Activity Boost
📅 Wed Jul 23 05:23:05 UTC 2025: Auto Activity Boost
📅 Thu Jul 24 05:20:56 UTC 2025: Auto Activity Boost
📅 Fri Jul 25 05:22:05 UTC 2025: Auto Activity Boost
📅 Sat Jul 26 05:18:04 UTC 2025: Auto Activity Boost
📅 Sun Jul 27 05:20:43 UTC 2025: Auto Activity Boost
📅 Mon Jul 28 05:23:54 UTC 2025: Auto Activity Boost
📅 Tue Jul 29 05:23:05 UTC 2025: Auto Activity Boost
📅 Wed Jul 30 05:24:46 UTC 2025: Auto Activity Boost
📅 Thu Jul 31 05:22:12 UTC 2025: Auto Activity Boost
📅 Fri Aug  1 05:27:28 UTC 2025: Auto Activity Boost
📅 Sat Aug  2 05:19:02 UTC 2025: Auto Activity Boost
📅 Sun Aug  3 05:22:03 UTC 2025: Auto Activity Boost
📅 Mon Aug  4 05:32:49 UTC 2025: Auto Activity Boost
📅 Tue Aug  5 05:24:26 UTC 2025: Auto Activity Boost
📅 Wed Aug  6 05:25:45 UTC 2025: Auto Activity Boost
📅 Thu Aug  7 05:24:01 UTC 2025: Auto Activity Boost
📅 Fri Aug  8 05:24:03 UTC 2025: Auto Activity Boost
📅 Sat Aug  9 05:14:36 UTC 2025: Auto Activity Boost
📅 Sun Aug 10 05:18:57 UTC 2025: Auto Activity Boost
📅 Mon Aug 11 05:23:09 UTC 2025: Auto Activity Boost
📅 Tue Aug 12 05:14:43 UTC 2025: Auto Activity Boost
📅 Wed Aug 13 05:16:05 UTC 2025: Auto Activity Boost
📅 Thu Aug 14 05:16:09 UTC 2025: Auto Activity Boost
📅 Fri Aug 15 05:15:39 UTC 2025: Auto Activity Boost
📅 Sat Aug 16 05:13:42 UTC 2025: Auto Activity Boost
📅 Sun Aug 17 05:14:35 UTC 2025: Auto Activity Boost
📅 Mon Aug 18 05:19:07 UTC 2025: Auto Activity Boost
📅 Tue Aug 19 05:14:27 UTC 2025: Auto Activity Boost
📅 Wed Aug 20 05:14:28 UTC 2025: Auto Activity Boost
📅 Thu Aug 21 05:14:27 UTC 2025: Auto Activity Boost
📅 Fri Aug 22 05:14:19 UTC 2025: Auto Activity Boost
📅 Sat Aug 23 05:12:35 UTC 2025: Auto Activity Boost
📅 Sun Aug 24 05:13:32 UTC 2025: Auto Activity Boost
📅 Mon Aug 25 05:15:10 UTC 2025: Auto Activity Boost
📅 Tue Aug 26 05:14:24 UTC 2025: Auto Activity Boost
📅 Wed Aug 27 05:13:34 UTC 2025: Auto Activity Boost
📅 Thu Aug 28 05:13:42 UTC 2025: Auto Activity Boost
📅 Fri Aug 29 05:13:33 UTC 2025: Auto Activity Boost
📅 Sat Aug 30 05:12:19 UTC 2025: Auto Activity Boost
📅 Sun Aug 31 05:12:38 UTC 2025: Auto Activity Boost
📅 Mon Sep  1 05:14:33 UTC 2025: Auto Activity Boost
📅 Tue Sep  2 05:14:10 UTC 2025: Auto Activity Boost
📅 Wed Sep  3 05:12:44 UTC 2025: Auto Activity Boost
📅 Thu Sep  4 05:12:57 UTC 2025: Auto Activity Boost
📅 Fri Sep  5 05:13:18 UTC 2025: Auto Activity Boost
📅 Sat Sep  6 05:11:54 UTC 2025: Auto Activity Boost
📅 Sun Sep  7 05:11:54 UTC 2025: Auto Activity Boost
📅 Mon Sep  8 05:14:23 UTC 2025: Auto Activity Boost
📅 Tue Sep  9 05:13:24 UTC 2025: Auto Activity Boost
📅 Wed Sep 10 05:13:13 UTC 2025: Auto Activity Boost
📅 Thu Sep 11 05:13:48 UTC 2025: Auto Activity Boost
📅 Fri Sep 12 05:13:13 UTC 2025: Auto Activity Boost
📅 Sat Sep 13 05:11:58 UTC 2025: Auto Activity Boost
📅 Sun Sep 14 05:12:00 UTC 2025: Auto Activity Boost
📅 Mon Sep 15 05:14:01 UTC 2025: Auto Activity Boost
📅 Tue Sep 16 05:13:26 UTC 2025: Auto Activity Boost
📅 Wed Sep 17 05:13:38 UTC 2025: Auto Activity Boost
📅 Thu Sep 18 05:13:10 UTC 2025: Auto Activity Boost
📅 Fri Sep 19 05:13:23 UTC 2025: Auto Activity Boost
📅 Sat Sep 20 05:12:11 UTC 2025: Auto Activity Boost
📅 Sun Sep 21 05:12:34 UTC 2025: Auto Activity Boost
📅 Mon Sep 22 05:13:51 UTC 2025: Auto Activity Boost
📅 Tue Sep 23 05:13:36 UTC 2025: Auto Activity Boost
📅 Wed Sep 24 05:13:33 UTC 2025: Auto Activity Boost
📅 Thu Sep 25 05:13:41 UTC 2025: Auto Activity Boost
📅 Fri Sep 26 05:13:24 UTC 2025: Auto Activity Boost
📅 Sat Sep 27 05:12:34 UTC 2025: Auto Activity Boost
📅 Sun Sep 28 05:12:24 UTC 2025: Auto Activity Boost
📅 Mon Sep 29 05:14:09 UTC 2025: Auto Activity Boost
📅 Tue Sep 30 05:13:36 UTC 2025: Auto Activity Boost
📅 Wed Oct  1 05:13:44 UTC 2025: Auto Activity Boost
📅 Thu Oct  2 05:12:56 UTC 2025: Auto Activity Boost
📅 Fri Oct  3 05:13:07 UTC 2025: Auto Activity Boost
📅 Sat Oct  4 05:11:50 UTC 2025: Auto Activity Boost
📅 Sun Oct  5 05:11:53 UTC 2025: Auto Activity Boost
📅 Mon Oct  6 05:13:31 UTC 2025: Auto Activity Boost
📅 Tue Oct  7 05:13:13 UTC 2025: Auto Activity Boost
📅 Wed Oct  8 05:13:38 UTC 2025: Auto Activity Boost
📅 Thu Oct  9 05:13:39 UTC 2025: Auto Activity Boost
📅 Fri Oct 10 05:13:39 UTC 2025: Auto Activity Boost
📅 Sat Oct 11 05:12:23 UTC 2025: Auto Activity Boost
📅 Sun Oct 12 05:12:41 UTC 2025: Auto Activity Boost
📅 Mon Oct 13 05:13:57 UTC 2025: Auto Activity Boost
📅 Tue Oct 14 05:13:17 UTC 2025: Auto Activity Boost
📅 Wed Oct 15 05:13:44 UTC 2025: Auto Activity Boost
📅 Thu Oct 16 05:13:38 UTC 2025: Auto Activity Boost
📅 Fri Oct 17 05:13:32 UTC 2025: Auto Activity Boost
📅 Sat Oct 18 05:12:29 UTC 2025: Auto Activity Boost
📅 Sun Oct 19 05:13:16 UTC 2025: Auto Activity Boost
📅 Mon Oct 20 05:14:41 UTC 2025: Auto Activity Boost
📅 Tue Oct 21 05:13:50 UTC 2025: Auto Activity Boost
📅 Wed Oct 22 05:14:02 UTC 2025: Auto Activity Boost
📅 Thu Oct 23 05:13:48 UTC 2025: Auto Activity Boost
📅 Fri Oct 24 05:13:41 UTC 2025: Auto Activity Boost
📅 Sat Oct 25 05:13:12 UTC 2025: Auto Activity Boost
📅 Sun Oct 26 05:13:05 UTC 2025: Auto Activity Boost
📅 Mon Oct 27 05:15:35 UTC 2025: Auto Activity Boost
📅 Tue Oct 28 05:14:31 UTC 2025: Auto Activity Boost
📅 Wed Oct 29 05:14:27 UTC 2025: Auto Activity Boost
📅 Thu Oct 30 05:14:02 UTC 2025: Auto Activity Boost
📅 Fri Oct 31 05:15:09 UTC 2025: Auto Activity Boost
📅 Sat Nov  1 05:12:53 UTC 2025: Auto Activity Boost
📅 Sun Nov  2 05:13:25 UTC 2025: Auto Activity Boost
📅 Mon Nov  3 05:15:12 UTC 2025: Auto Activity Boost
📅 Tue Nov  4 05:14:44 UTC 2025: Auto Activity Boost
📅 Wed Nov  5 05:15:06 UTC 2025: Auto Activity Boost
📅 Thu Nov  6 05:15:01 UTC 2025: Auto Activity Boost
📅 Fri Nov  7 05:14:46 UTC 2025: Auto Activity Boost
📅 Sat Nov  8 05:13:09 UTC 2025: Auto Activity Boost
📅 Sun Nov  9 05:13:21 UTC 2025: Auto Activity Boost
📅 Mon Nov 10 05:15:21 UTC 2025: Auto Activity Boost
📅 Tue Nov 11 05:15:10 UTC 2025: Auto Activity Boost
📅 Wed Nov 12 05:15:40 UTC 2025: Auto Activity Boost
📅 Thu Nov 13 05:14:58 UTC 2025: Auto Activity Boost
📅 Fri Nov 14 05:14:41 UTC 2025: Auto Activity Boost
📅 Sat Nov 15 05:13:31 UTC 2025: Auto Activity Boost
📅 Sun Nov 16 05:13:41 UTC 2025: Auto Activity Boost
📅 Mon Nov 17 05:14:59 UTC 2025: Auto Activity Boost
📅 Tue Nov 18 05:14:36 UTC 2025: Auto Activity Boost
📅 Wed Nov 19 05:15:02 UTC 2025: Auto Activity Boost
📅 Thu Nov 20 05:14:49 UTC 2025: Auto Activity Boost
📅 Fri Nov 21 05:14:44 UTC 2025: Auto Activity Boost
📅 Sat Nov 22 05:13:27 UTC 2025: Auto Activity Boost
📅 Sun Nov 23 05:13:41 UTC 2025: Auto Activity Boost
📅 Mon Nov 24 05:15:59 UTC 2025: Auto Activity Boost
📅 Tue Nov 25 05:14:57 UTC 2025: Auto Activity Boost
📅 Wed Nov 26 05:14:26 UTC 2025: Auto Activity Boost
📅 Thu Nov 27 05:15:39 UTC 2025: Auto Activity Boost
📅 Fri Nov 28 05:15:33 UTC 2025: Auto Activity Boost
📅 Sat Nov 29 05:14:00 UTC 2025: Auto Activity Boost
📅 Sun Nov 30 05:14:02 UTC 2025: Auto Activity Boost
📅 Mon Dec  1 05:22:52 UTC 2025: Auto Activity Boost
📅 Tue Dec  2 05:14:55 UTC 2025: Auto Activity Boost
